[
    {
        "file": "img/20220521-Classic-GinTonic果香.jpg",
        "category": "Classic",
        "name": "GinTonic果香",
        "description": "無註解"
    },
    {
        "file": "img/20220702-Classic-Fizz曇花.jpg",
        "category": "Classic",
        "name": "Fizz曇花",
        "description": "無註解"
    },
    {
        "file": "img/20220702-Classic-GinTonic柑橘 葡萄柚.jpg",
        "category": "Classic",
        "name": "GinTonic柑橘 葡萄柚",
        "description": "無註解"
    },
    {
        "file": "img/20220917-Classic-咖啡泥煤.jpg",
        "category": "Classic",
        "name": "咖啡泥煤",
        "description": "無註解"
    },
    {
        "file": "img/20221022-Classic-艾雷島GinTonic.jpg",
        "category": "Classic",
        "name": "艾雷島GinTonic",
        "description": "無註解"
    },
    {
        "file": "img/20221022-Classic-艾雷島Gin植物學家.jpg",
        "category": "Classic",
        "name": "艾雷島Gin植物學家",
        "description": "無註解"
    },
    {
        "file": "img/20221223-Classic-GinTonic ROKU柚子果香.jpg",
        "category": "Classic",
        "name": "GinTonic ROKU柚子果香",
        "description": "無註解"
    },
    {
        "file": "img/20230226-Classic-Negroni(茶風味).jpg",
        "category": "Classic",
        "name": "Negroni(茶風味)",
        "description": "無註解"
    },
    {
        "file": "img/20230331-Classic-GinTonic小黃瓜.jpg",
        "category": "Classic",
        "name": "GinTonic小黃瓜",
        "description": "無註解"
    },
    {
        "file": "img/20230428-Classic-王者復甦.jpg",
        "category": "Classic",
        "name": "王者復甦",
        "description": "無註解"
    },
    {
        "file": "img/20230527-Classic-GinTonic 柑橘香味.jpg",
        "category": "Classic",
        "name": "GinTonic 柑橘香味",
        "description": "無註解"
    },
    {
        "file": "img/20230610-Classic-GinTonic 2020限定版 泡盛味.jpg",
        "category": "Classic",
        "name": "GinTonic 2020限定版 泡盛味",
        "description": "無註解"
    },
    {
        "file": "img/20230630-Classic-沖繩泡盛Gin馬丁尼.jpg",
        "category": "Classic",
        "name": "沖繩泡盛Gin馬丁尼",
        "description": "無註解"
    },
    {
        "file": "img/20230630-Classic-紙飛機PaperPlane.jpg",
        "category": "Classic",
        "name": "紙飛機PaperPlane",
        "description": "無註解"
    },
    {
        "file": "img/20230630-Classic-長島冰茶.jpg",
        "category": "Classic",
        "name": "長島冰茶",
        "description": "無註解"
    },
    {
        "file": "img/20230805-Classic-GinTonic藍色瓶子 香茅味.jpg",
        "category": "Classic",
        "name": "GinTonic藍色瓶子 香茅味",
        "description": "無註解"
    },
    {
        "file": "img/20230916-Classic-Stinger-經典白蘭地.jpg",
        "category": "Classic",
        "name": "Stinger-經典白蘭地",
        "description": "無註解"
    },
    {
        "file": "img/20230916-Classic-花花公子-威士忌.jpg",
        "category": "Classic",
        "name": "花花公子-威士忌",
        "description": "無註解"
    },
    {
        "file": "img/20231021-Classic-果香Gin基底.jpg",
        "category": "Classic",
        "name": "果香Gin基底",
        "description": "無註解"
    },
    {
        "file": "img/20231021-Classic-莓果味琴酒.jpg",
        "category": "Classic",
        "name": "莓果味琴酒",
        "description": "無註解"
    },
    {
        "file": "img/20231118-Classic-GinTonic季之美.jpg",
        "category": "Classic",
        "name": "GinTonic季之美",
        "description": "無註解"
    },
    {
        "file": "img/20240113-Classic-GinTonic果香Hven海軍.jpg",
        "category": "Classic",
        "name": "GinTonic果香Hven海軍",
        "description": "無註解"
    },
    {
        "file": "img/20240113-Classic-Vieux Carrè(老廣場).jpg",
        "category": "Classic",
        "name": "Vieux Carrè(老廣場)",
        "description": "無註解"
    },
    {
        "file": "img/20240224-Classic-GinTonic陳年 過泥煤桶HVEN.jpg",
        "category": "Classic",
        "name": "GinTonic陳年 過泥煤桶HVEN",
        "description": "無註解"
    },
    {
        "file": "img/20240303-Classic-DryMartine.jpg",
        "category": "Classic",
        "name": "DryMartine",
        "description": "無註解"
    },
    {
        "file": "img/20240316-Classic-GinTonic BOMBAY泰式香茅,香料味.jpg",
        "category": "Classic",
        "name": "GinTonic BOMBAY泰式香茅,香料味",
        "description": "無註解"
    },
    {
        "file": "img/20240427-Classic-GinTonic(玫瑰).jpg",
        "category": "Classic",
        "name": "GinTonic(玫瑰)",
        "description": "無註解"
    },
    {
        "file": "img/20240427-Classic-泥煤威士忌.jpg",
        "category": "Classic",
        "name": "泥煤威士忌",
        "description": "無註解"
    },
    {
        "file": "img/20240609-Classic-柯夢波丹.jpg",
        "category": "Classic",
        "name": "柯夢波丹",
        "description": "無註解"
    },
    {
        "file": "img/20241025-Classic-GinTonic花香.jpg",
        "category": "Classic",
        "name": "GinTonic花香",
        "description": "無註解"
    },
    {
        "file": "img/20241025-Classic-曼哈頓.jpg",
        "category": "Classic",
        "name": "曼哈頓",
        "description": "無註解"
    }
]